{"cameraMode":{"drawMode":0,"name":"Shaded","section":"Shading Mode"},"sceneLighting":false,"audioPlay":false,"sceneViewState":{"showFog":false,"showMaterialUpdate":false,"showSkybox":false,"showFlares":false,"showImageEffects":false,"showParticleSystems":true},"in2DMode":false,"pivot":{"x":-20.529563903808595,"y":2.3350563049316408,"z":10.606573104858399},"rotation":{"x":-0.05374469608068466,"y":0.655897855758667,"z":-0.046909574419260028,"w":-0.7514712810516357},"size":12.601178169250489,"orthographic":false}