{"cameraMode":{"drawMode":0,"name":"Shaded","section":"Shading Mode"},"sceneLighting":false,"audioPlay":false,"sceneViewState":{"showFog":false,"showMaterialUpdate":false,"showSkybox":false,"showFlares":false,"showImageEffects":false,"showParticleSystems":true},"in2DMode":false,"pivot":{"x":305.2580871582031,"y":2.719357490539551,"z":38.718833923339847},"rotation":{"x":0.31828612089157107,"y":-0.23464708030223847,"z":0.0816391184926033,"w":0.9148605465888977},"size":40.010372161865237,"orthographic":false}