{"cameraMode":{"drawMode":0,"name":"Shaded","section":"Shading Mode"},"sceneLighting":false,"audioPlay":false,"sceneViewState":{"showFog":false,"showMaterialUpdate":false,"showSkybox":false,"showFlares":false,"showImageEffects":false,"showParticleSystems":true},"in2DMode":false,"pivot":{"x":297.9830627441406,"y":2.72206711769104,"z":38.889339447021487},"rotation":{"x":0.30431997776031496,"y":-0.021975062787532808,"z":0.0070261708460748199,"w":0.9522904753684998},"size":40.010372161865237,"orthographic":false}